station,year,day,hour,filename
ABI-L1b-RadC,2023,55,17,OR_ABI-L1b-RadC-M6C01_G18_s20230551701174_e20230551703547_c20230551703578.nc
ABI-L1b-RadC,2023,55,17,OR_ABI-L1b-RadC-M6C01_G18_s20230551706174_e20230551708547_c20230551708577.nc
ABI-L1b-RadC,2023,55,17,OR_ABI-L1b-RadC-M6C01_G18_s20230551711174_e20230551713547_c20230551713581.nc
ABI-L1b-RadC,2023,55,17,OR_ABI-L1b-RadC-M6C01_G18_s20230551716174_e20230551718547_c20230551718583.nc
ABI-L1b-RadC,2023,55,17,OR_ABI-L1b-RadC-M6C01_G18_s20230551721174_e20230551723547_c20230551723581.nc
ABI-L1b-RadC,2023,55,17,OR_ABI-L1b-RadC-M6C01_G18_s20230551726174_e20230551728547_c20230551728580.nc
ABI-L1b-RadC,2023,55,17,OR_ABI-L1b-RadC-M6C01_G18_s20230551731174_e20230551733547_c20230551733582.nc
ABI-L1b-RadC,2023,55,17,OR_ABI-L1b-RadC-M6C01_G18_s20230551736174_e20230551738547_c20230551738580.nc
ABI-L1b-RadC,2023,55,17,OR_ABI-L1b-RadC-M6C01_G18_s20230551741174_e20230551743547_c20230551743584.nc
ABI-L1b-RadC,2023,55,17,OR_ABI-L1b-RadC-M6C01_G18_s20230551746174_e20230551748547_c20230551748581.nc
ABI-L1b-RadC,2023,55,17,OR_ABI-L1b-RadC-M6C01_G18_s20230551751174_e20230551753547_c20230551753584.nc
ABI-L1b-RadC,2023,55,17,OR_ABI-L1b-RadC-M6C01_G18_s20230551756174_e20230551758547_c20230551758580.nc
ABI-L1b-RadC,2023,55,17,OR_ABI-L1b-RadC-M6C02_G18_s20230551701174_e20230551703547_c20230551703566.nc
ABI-L1b-RadC,2023,55,17,OR_ABI-L1b-RadC-M6C02_G18_s20230551706174_e20230551708547_c20230551708567.nc
ABI-L1b-RadC,2023,55,17,OR_ABI-L1b-RadC-M6C02_G18_s20230551711174_e20230551713547_c20230551713567.nc
ABI-L1b-RadC,2023,55,17,OR_ABI-L1b-RadC-M6C02_G18_s20230551716174_e20230551718547_c20230551718567.nc
ABI-L1b-RadC,2023,55,17,OR_ABI-L1b-RadC-M6C02_G18_s20230551721174_e20230551723547_c20230551723567.nc
ABI-L1b-RadC,2023,55,17,OR_ABI-L1b-RadC-M6C02_G18_s20230551726174_e20230551728547_c20230551728566.nc
ABI-L1b-RadC,2023,55,17,OR_ABI-L1b-RadC-M6C02_G18_s20230551731174_e20230551733547_c20230551733567.nc
ABI-L1b-RadC,2023,55,17,OR_ABI-L1b-RadC-M6C02_G18_s20230551736174_e20230551738547_c20230551738568.nc
ABI-L1b-RadC,2023,55,17,OR_ABI-L1b-RadC-M6C02_G18_s20230551741174_e20230551743547_c20230551743565.nc
ABI-L1b-RadC,2023,55,17,OR_ABI-L1b-RadC-M6C02_G18_s20230551746174_e20230551748547_c20230551748565.nc
ABI-L1b-RadC,2023,55,17,OR_ABI-L1b-RadC-M6C02_G18_s20230551751174_e20230551753547_c20230551753566.nc
ABI-L1b-RadC,2023,55,17,OR_ABI-L1b-RadC-M6C02_G18_s20230551756174_e20230551758547_c20230551758566.nc
ABI-L1b-RadC,2023,55,17,OR_ABI-L1b-RadC-M6C03_G18_s20230551701174_e20230551703547_c20230551703576.nc
ABI-L1b-RadC,2023,55,17,OR_ABI-L1b-RadC-M6C03_G18_s20230551706174_e20230551708547_c20230551708575.nc
ABI-L1b-RadC,2023,55,17,OR_ABI-L1b-RadC-M6C03_G18_s20230551711174_e20230551713547_c20230551713575.nc
ABI-L1b-RadC,2023,55,17,OR_ABI-L1b-RadC-M6C03_G18_s20230551716174_e20230551718547_c20230551718576.nc
ABI-L1b-RadC,2023,55,17,OR_ABI-L1b-RadC-M6C03_G18_s20230551721174_e20230551723547_c20230551723576.nc
ABI-L1b-RadC,2023,55,17,OR_ABI-L1b-RadC-M6C03_G18_s20230551726174_e20230551728547_c20230551728576.nc
ABI-L1b-RadC,2023,55,17,OR_ABI-L1b-RadC-M6C03_G18_s20230551731174_e20230551733547_c20230551733572.nc
ABI-L1b-RadC,2023,55,17,OR_ABI-L1b-RadC-M6C03_G18_s20230551736174_e20230551738547_c20230551738572.nc
ABI-L1b-RadC,2023,55,17,OR_ABI-L1b-RadC-M6C03_G18_s20230551741174_e20230551743547_c20230551743578.nc
ABI-L1b-RadC,2023,55,17,OR_ABI-L1b-RadC-M6C03_G18_s20230551746174_e20230551748547_c20230551748577.nc
ABI-L1b-RadC,2023,55,17,OR_ABI-L1b-RadC-M6C03_G18_s20230551751174_e20230551753547_c20230551753574.nc
ABI-L1b-RadC,2023,55,17,OR_ABI-L1b-RadC-M6C03_G18_s20230551756174_e20230551758547_c20230551758576.nc
ABI-L1b-RadC,2023,55,17,OR_ABI-L1b-RadC-M6C04_G18_s20230551701174_e20230551703547_c20230551703574.nc
ABI-L1b-RadC,2023,55,17,OR_ABI-L1b-RadC-M6C04_G18_s20230551706174_e20230551708547_c20230551708579.nc
ABI-L1b-RadC,2023,55,17,OR_ABI-L1b-RadC-M6C04_G18_s20230551711174_e20230551713547_c20230551713573.nc
ABI-L1b-RadC,2023,55,17,OR_ABI-L1b-RadC-M6C04_G18_s20230551716174_e20230551718547_c20230551718572.nc
ABI-L1b-RadC,2023,55,17,OR_ABI-L1b-RadC-M6C04_G18_s20230551721174_e20230551723547_c20230551723573.nc
ABI-L1b-RadC,2023,55,17,OR_ABI-L1b-RadC-M6C04_G18_s20230551726174_e20230551728547_c20230551728573.nc
ABI-L1b-RadC,2023,55,17,OR_ABI-L1b-RadC-M6C04_G18_s20230551731174_e20230551733547_c20230551733580.nc
ABI-L1b-RadC,2023,55,17,OR_ABI-L1b-RadC-M6C04_G18_s20230551736174_e20230551738547_c20230551738579.nc
ABI-L1b-RadC,2023,55,17,OR_ABI-L1b-RadC-M6C04_G18_s20230551741174_e20230551743547_c20230551743575.nc
ABI-L1b-RadC,2023,55,17,OR_ABI-L1b-RadC-M6C04_G18_s20230551746174_e20230551748547_c20230551748574.nc
ABI-L1b-RadC,2023,55,17,OR_ABI-L1b-RadC-M6C04_G18_s20230551751174_e20230551753547_c20230551753578.nc
ABI-L1b-RadC,2023,55,17,OR_ABI-L1b-RadC-M6C04_G18_s20230551756174_e20230551758547_c20230551758569.nc
ABI-L1b-RadC,2023,55,17,OR_ABI-L1b-RadC-M6C05_G18_s20230551701174_e20230551703547_c20230551703581.nc
ABI-L1b-RadC,2023,55,17,OR_ABI-L1b-RadC-M6C05_G18_s20230551706174_e20230551708547_c20230551708572.nc
ABI-L1b-RadC,2023,55,17,OR_ABI-L1b-RadC-M6C05_G18_s20230551711174_e20230551713547_c20230551713578.nc
ABI-L1b-RadC,2023,55,17,OR_ABI-L1b-RadC-M6C05_G18_s20230551716174_e20230551718547_c20230551718579.nc
ABI-L1b-RadC,2023,55,17,OR_ABI-L1b-RadC-M6C05_G18_s20230551721174_e20230551723547_c20230551723578.nc
ABI-L1b-RadC,2023,55,17,OR_ABI-L1b-RadC-M6C05_G18_s20230551726174_e20230551728547_c20230551728578.nc
ABI-L1b-RadC,2023,55,17,OR_ABI-L1b-RadC-M6C05_G18_s20230551731174_e20230551733547_c20230551733577.nc
ABI-L1b-RadC,2023,55,17,OR_ABI-L1b-RadC-M6C05_G18_s20230551736174_e20230551738547_c20230551738577.nc
ABI-L1b-RadC,2023,55,17,OR_ABI-L1b-RadC-M6C05_G18_s20230551741174_e20230551743547_c20230551743581.nc
ABI-L1b-RadC,2023,55,17,OR_ABI-L1b-RadC-M6C05_G18_s20230551746174_e20230551748547_c20230551748580.nc
ABI-L1b-RadC,2023,55,17,OR_ABI-L1b-RadC-M6C05_G18_s20230551751174_e20230551753547_c20230551753580.nc
ABI-L1b-RadC,2023,55,17,OR_ABI-L1b-RadC-M6C05_G18_s20230551756174_e20230551758547_c20230551758578.nc
ABI-L1b-RadC,2023,55,17,OR_ABI-L1b-RadC-M6C06_G18_s20230551701174_e20230551703553_c20230551703569.nc
ABI-L1b-RadC,2023,55,17,OR_ABI-L1b-RadC-M6C06_G18_s20230551706174_e20230551708553_c20230551708582.nc
ABI-L1b-RadC,2023,55,17,OR_ABI-L1b-RadC-M6C06_G18_s20230551711174_e20230551713553_c20230551713585.nc
ABI-L1b-RadC,2023,55,17,OR_ABI-L1b-RadC-M6C06_G18_s20230551716174_e20230551718553_c20230551718585.nc
ABI-L1b-RadC,2023,55,17,OR_ABI-L1b-RadC-M6C06_G18_s20230551721174_e20230551723553_c20230551723583.nc
ABI-L1b-RadC,2023,55,17,OR_ABI-L1b-RadC-M6C06_G18_s20230551726174_e20230551728553_c20230551728582.nc
ABI-L1b-RadC,2023,55,17,OR_ABI-L1b-RadC-M6C06_G18_s20230551731174_e20230551733553_c20230551733585.nc
ABI-L1b-RadC,2023,55,17,OR_ABI-L1b-RadC-M6C06_G18_s20230551736174_e20230551738553_c20230551738583.nc
ABI-L1b-RadC,2023,55,17,OR_ABI-L1b-RadC-M6C06_G18_s20230551741174_e20230551743553_c20230551743570.nc
ABI-L1b-RadC,2023,55,17,OR_ABI-L1b-RadC-M6C06_G18_s20230551746174_e20230551748553_c20230551748569.nc
ABI-L1b-RadC,2023,55,17,OR_ABI-L1b-RadC-M6C06_G18_s20230551751174_e20230551753553_c20230551753570.nc
ABI-L1b-RadC,2023,55,17,OR_ABI-L1b-RadC-M6C06_G18_s20230551756174_e20230551758553_c20230551758571.nc
ABI-L1b-RadC,2023,55,17,OR_ABI-L1b-RadC-M6C07_G18_s20230551701174_e20230551703558_c20230551703583.nc
ABI-L1b-RadC,2023,55,17,OR_ABI-L1b-RadC-M6C07_G18_s20230551706174_e20230551708558_c20230551709007.nc
ABI-L1b-RadC,2023,55,17,OR_ABI-L1b-RadC-M6C07_G18_s20230551711174_e20230551713558_c20230551714012.nc
ABI-L1b-RadC,2023,55,17,OR_ABI-L1b-RadC-M6C07_G18_s20230551716174_e20230551718558_c20230551719006.nc
ABI-L1b-RadC,2023,55,17,OR_ABI-L1b-RadC-M6C07_G18_s20230551721174_e20230551723558_c20230551724004.nc
ABI-L1b-RadC,2023,55,17,OR_ABI-L1b-RadC-M6C07_G18_s20230551726174_e20230551728558_c20230551729001.nc
ABI-L1b-RadC,2023,55,17,OR_ABI-L1b-RadC-M6C07_G18_s20230551731174_e20230551733558_c20230551734004.nc
ABI-L1b-RadC,2023,55,17,OR_ABI-L1b-RadC-M6C07_G18_s20230551736174_e20230551738559_c20230551738599.nc
ABI-L1b-RadC,2023,55,17,OR_ABI-L1b-RadC-M6C07_G18_s20230551741174_e20230551743559_c20230551743599.nc
ABI-L1b-RadC,2023,55,17,OR_ABI-L1b-RadC-M6C07_G18_s20230551746174_e20230551748558_c20230551749001.nc
ABI-L1b-RadC,2023,55,17,OR_ABI-L1b-RadC-M6C07_G18_s20230551751174_e20230551753558_c20230551753597.nc
ABI-L1b-RadC,2023,55,17,OR_ABI-L1b-RadC-M6C07_G18_s20230551756174_e20230551758559_c20230551759007.nc
ABI-L1b-RadC,2023,55,17,OR_ABI-L1b-RadC-M6C08_G18_s20230551701174_e20230551703547_c20230551703589.nc
ABI-L1b-RadC,2023,55,17,OR_ABI-L1b-RadC-M6C08_G18_s20230551706174_e20230551708547_c20230551708592.nc
ABI-L1b-RadC,2023,55,17,OR_ABI-L1b-RadC-M6C08_G18_s20230551711174_e20230551713547_c20230551714003.nc
ABI-L1b-RadC,2023,55,17,OR_ABI-L1b-RadC-M6C08_G18_s20230551716174_e20230551718547_c20230551719002.nc
ABI-L1b-RadC,2023,55,17,OR_ABI-L1b-RadC-M6C08_G18_s20230551721174_e20230551723547_c20230551723595.nc
ABI-L1b-RadC,2023,55,17,OR_ABI-L1b-RadC-M6C08_G18_s20230551726174_e20230551728547_c20230551728594.nc
ABI-L1b-RadC,2023,55,17,OR_ABI-L1b-RadC-M6C08_G18_s20230551731174_e20230551733547_c20230551733587.nc
ABI-L1b-RadC,2023,55,17,OR_ABI-L1b-RadC-M6C08_G18_s20230551736174_e20230551738547_c20230551738588.nc
ABI-L1b-RadC,2023,55,17,OR_ABI-L1b-RadC-M6C08_G18_s20230551741174_e20230551743547_c20230551743593.nc
ABI-L1b-RadC,2023,55,17,OR_ABI-L1b-RadC-M6C08_G18_s20230551746174_e20230551748547_c20230551748590.nc
ABI-L1b-RadC,2023,55,17,OR_ABI-L1b-RadC-M6C08_G18_s20230551751174_e20230551753547_c20230551753599.nc
ABI-L1b-RadC,2023,55,17,OR_ABI-L1b-RadC-M6C08_G18_s20230551756174_e20230551758547_c20230551758588.nc
ABI-L1b-RadC,2023,55,17,OR_ABI-L1b-RadC-M6C09_G18_s20230551701174_e20230551703553_c20230551703596.nc
ABI-L1b-RadC,2023,55,17,OR_ABI-L1b-RadC-M6C09_G18_s20230551706174_e20230551708553_c20230551709003.nc
ABI-L1b-RadC,2023,55,17,OR_ABI-L1b-RadC-M6C09_G18_s20230551711174_e20230551713553_c20230551714001.nc
ABI-L1b-RadC,2023,55,17,OR_ABI-L1b-RadC-M6C09_G18_s20230551716174_e20230551718553_c20230551719010.nc
ABI-L1b-RadC,2023,55,17,OR_ABI-L1b-RadC-M6C09_G18_s20230551721174_e20230551723553_c20230551724009.nc
ABI-L1b-RadC,2023,55,17,OR_ABI-L1b-RadC-M6C09_G18_s20230551726174_e20230551728553_c20230551729006.nc
ABI-L1b-RadC,2023,55,17,OR_ABI-L1b-RadC-M6C09_G18_s20230551731174_e20230551733553_c20230551733597.nc
ABI-L1b-RadC,2023,55,17,OR_ABI-L1b-RadC-M6C09_G18_s20230551736174_e20230551738553_c20230551738596.nc
ABI-L1b-RadC,2023,55,17,OR_ABI-L1b-RadC-M6C09_G18_s20230551741174_e20230551743553_c20230551743590.nc
ABI-L1b-RadC,2023,55,17,OR_ABI-L1b-RadC-M6C09_G18_s20230551746174_e20230551748553_c20230551748593.nc
ABI-L1b-RadC,2023,55,17,OR_ABI-L1b-RadC-M6C09_G18_s20230551751174_e20230551753553_c20230551754005.nc
ABI-L1b-RadC,2023,55,17,OR_ABI-L1b-RadC-M6C09_G18_s20230551756174_e20230551758553_c20230551758592.nc
ABI-L1b-RadC,2023,55,17,OR_ABI-L1b-RadC-M6C10_G18_s20230551701174_e20230551703558_c20230551703592.nc
ABI-L1b-RadC,2023,55,17,OR_ABI-L1b-RadC-M6C10_G18_s20230551706174_e20230551708558_c20230551708585.nc
ABI-L1b-RadC,2023,55,17,OR_ABI-L1b-RadC-M6C10_G18_s20230551711174_e20230551713558_c20230551713596.nc
ABI-L1b-RadC,2023,55,17,OR_ABI-L1b-RadC-M6C10_G18_s20230551716174_e20230551718558_c20230551718596.nc
ABI-L1b-RadC,2023,55,17,OR_ABI-L1b-RadC-M6C10_G18_s20230551721174_e20230551723558_c20230551723592.nc
ABI-L1b-RadC,2023,55,17,OR_ABI-L1b-RadC-M6C10_G18_s20230551726174_e20230551728559_c20230551729008.nc
ABI-L1b-RadC,2023,55,17,OR_ABI-L1b-RadC-M6C10_G18_s20230551731174_e20230551733558_c20230551733592.nc
ABI-L1b-RadC,2023,55,17,OR_ABI-L1b-RadC-M6C10_G18_s20230551736174_e20230551738559_c20230551738590.nc
ABI-L1b-RadC,2023,55,17,OR_ABI-L1b-RadC-M6C10_G18_s20230551741174_e20230551743558_c20230551744006.nc
ABI-L1b-RadC,2023,55,17,OR_ABI-L1b-RadC-M6C10_G18_s20230551746174_e20230551748558_c20230551748583.nc
ABI-L1b-RadC,2023,55,17,OR_ABI-L1b-RadC-M6C10_G18_s20230551751174_e20230551753558_c20230551753588.nc
ABI-L1b-RadC,2023,55,17,OR_ABI-L1b-RadC-M6C10_G18_s20230551756174_e20230551758559_c20230551758583.nc
ABI-L1b-RadC,2023,55,17,OR_ABI-L1b-RadC-M6C11_G18_s20230551701174_e20230551703547_c20230551703594.nc
ABI-L1b-RadC,2023,55,17,OR_ABI-L1b-RadC-M6C11_G18_s20230551706174_e20230551708547_c20230551708588.nc
ABI-L1b-RadC,2023,55,17,OR_ABI-L1b-RadC-M6C11_G18_s20230551711174_e20230551713547_c20230551713594.nc
ABI-L1b-RadC,2023,55,17,OR_ABI-L1b-RadC-M6C11_G18_s20230551716174_e20230551718547_c20230551718587.nc
ABI-L1b-RadC,2023,55,17,OR_ABI-L1b-RadC-M6C11_G18_s20230551721174_e20230551723547_c20230551723589.nc
ABI-L1b-RadC,2023,55,17,OR_ABI-L1b-RadC-M6C11_G18_s20230551726174_e20230551728547_c20230551728590.nc
ABI-L1b-RadC,2023,55,17,OR_ABI-L1b-RadC-M6C11_G18_s20230551731174_e20230551733547_c20230551733590.nc
ABI-L1b-RadC,2023,55,17,OR_ABI-L1b-RadC-M6C11_G18_s20230551736174_e20230551738547_c20230551738585.nc
ABI-L1b-RadC,2023,55,17,OR_ABI-L1b-RadC-M6C11_G18_s20230551741174_e20230551743547_c20230551743586.nc
ABI-L1b-RadC,2023,55,17,OR_ABI-L1b-RadC-M6C11_G18_s20230551746174_e20230551748547_c20230551748595.nc
ABI-L1b-RadC,2023,55,17,OR_ABI-L1b-RadC-M6C11_G18_s20230551751174_e20230551753547_c20230551753591.nc
ABI-L1b-RadC,2023,55,17,OR_ABI-L1b-RadC-M6C11_G18_s20230551756174_e20230551758547_c20230551758585.nc
ABI-L1b-RadC,2023,55,17,OR_ABI-L1b-RadC-M6C12_G18_s20230551701174_e20230551703553_c20230551704007.nc
ABI-L1b-RadC,2023,55,17,OR_ABI-L1b-RadC-M6C12_G18_s20230551706174_e20230551708553_c20230551708595.nc
ABI-L1b-RadC,2023,55,17,OR_ABI-L1b-RadC-M6C12_G18_s20230551711174_e20230551713553_c20230551713590.nc
ABI-L1b-RadC,2023,55,17,OR_ABI-L1b-RadC-M6C12_G18_s20230551716174_e20230551718553_c20230551718590.nc
ABI-L1b-RadC,2023,55,17,OR_ABI-L1b-RadC-M6C12_G18_s20230551721174_e20230551723553_c20230551723597.nc
ABI-L1b-RadC,2023,55,17,OR_ABI-L1b-RadC-M6C12_G18_s20230551726174_e20230551728553_c20230551729003.nc
ABI-L1b-RadC,2023,55,17,OR_ABI-L1b-RadC-M6C12_G18_s20230551731174_e20230551733553_c20230551734008.nc
ABI-L1b-RadC,2023,55,17,OR_ABI-L1b-RadC-M6C12_G18_s20230551736174_e20230551738553_c20230551739005.nc
ABI-L1b-RadC,2023,55,17,OR_ABI-L1b-RadC-M6C12_G18_s20230551741174_e20230551743553_c20230551744009.nc
ABI-L1b-RadC,2023,55,17,OR_ABI-L1b-RadC-M6C12_G18_s20230551746174_e20230551748553_c20230551749004.nc
ABI-L1b-RadC,2023,55,17,OR_ABI-L1b-RadC-M6C12_G18_s20230551751174_e20230551753553_c20230551754007.nc
ABI-L1b-RadC,2023,55,17,OR_ABI-L1b-RadC-M6C12_G18_s20230551756174_e20230551758553_c20230551758598.nc
ABI-L1b-RadC,2023,55,17,OR_ABI-L1b-RadC-M6C13_G18_s20230551701174_e20230551703558_c20230551704005.nc
ABI-L1b-RadC,2023,55,17,OR_ABI-L1b-RadC-M6C13_G18_s20230551706174_e20230551708558_c20230551708597.nc
ABI-L1b-RadC,2023,55,17,OR_ABI-L1b-RadC-M6C13_G18_s20230551711174_e20230551713558_c20230551714006.nc
ABI-L1b-RadC,2023,55,17,OR_ABI-L1b-RadC-M6C13_G18_s20230551716174_e20230551718558_c20230551719004.nc
ABI-L1b-RadC,2023,55,17,OR_ABI-L1b-RadC-M6C13_G18_s20230551721174_e20230551723558_c20230551723599.nc
ABI-L1b-RadC,2023,55,17,OR_ABI-L1b-RadC-M6C13_G18_s20230551726174_e20230551728558_c20230551728599.nc
ABI-L1b-RadC,2023,55,17,OR_ABI-L1b-RadC-M6C13_G18_s20230551731174_e20230551733558_c20230551734000.nc
ABI-L1b-RadC,2023,55,17,OR_ABI-L1b-RadC-M6C13_G18_s20230551736174_e20230551738558_c20230551738597.nc
ABI-L1b-RadC,2023,55,17,OR_ABI-L1b-RadC-M6C13_G18_s20230551741174_e20230551743558_c20230551743597.nc
ABI-L1b-RadC,2023,55,17,OR_ABI-L1b-RadC-M6C13_G18_s20230551746174_e20230551748558_c20230551748588.nc
ABI-L1b-RadC,2023,55,17,OR_ABI-L1b-RadC-M6C13_G18_s20230551751174_e20230551753558_c20230551754003.nc
ABI-L1b-RadC,2023,55,17,OR_ABI-L1b-RadC-M6C13_G18_s20230551756174_e20230551758559_c20230551759003.nc
ABI-L1b-RadC,2023,55,17,OR_ABI-L1b-RadC-M6C14_G18_s20230551701174_e20230551703547_c20230551704003.nc
ABI-L1b-RadC,2023,55,17,OR_ABI-L1b-RadC-M6C14_G18_s20230551706174_e20230551708547_c20230551708599.nc
ABI-L1b-RadC,2023,55,17,OR_ABI-L1b-RadC-M6C14_G18_s20230551711174_e20230551713547_c20230551713599.nc
ABI-L1b-RadC,2023,55,17,OR_ABI-L1b-RadC-M6C14_G18_s20230551716174_e20230551718547_c20230551718592.nc
ABI-L1b-RadC,2023,55,17,OR_ABI-L1b-RadC-M6C14_G18_s20230551721174_e20230551723547_c20230551724001.nc
ABI-L1b-RadC,2023,55,17,OR_ABI-L1b-RadC-M6C14_G18_s20230551726174_e20230551728547_c20230551728597.nc
ABI-L1b-RadC,2023,55,17,OR_ABI-L1b-RadC-M6C14_G18_s20230551731174_e20230551733547_c20230551734012.nc
ABI-L1b-RadC,2023,55,17,OR_ABI-L1b-RadC-M6C14_G18_s20230551736174_e20230551738547_c20230551739001.nc
ABI-L1b-RadC,2023,55,17,OR_ABI-L1b-RadC-M6C14_G18_s20230551741174_e20230551743547_c20230551743595.nc
ABI-L1b-RadC,2023,55,17,OR_ABI-L1b-RadC-M6C14_G18_s20230551746174_e20230551748547_c20230551748597.nc
ABI-L1b-RadC,2023,55,17,OR_ABI-L1b-RadC-M6C14_G18_s20230551751174_e20230551753547_c20230551754001.nc
ABI-L1b-RadC,2023,55,17,OR_ABI-L1b-RadC-M6C14_G18_s20230551756174_e20230551758547_c20230551758595.nc
ABI-L1b-RadC,2023,55,17,OR_ABI-L1b-RadC-M6C15_G18_s20230551701174_e20230551703553_c20230551704000.nc
ABI-L1b-RadC,2023,55,17,OR_ABI-L1b-RadC-M6C15_G18_s20230551706174_e20230551708553_c20230551709001.nc
ABI-L1b-RadC,2023,55,17,OR_ABI-L1b-RadC-M6C15_G18_s20230551711174_e20230551713553_c20230551714009.nc
ABI-L1b-RadC,2023,55,17,OR_ABI-L1b-RadC-M6C15_G18_s20230551716174_e20230551718553_c20230551719008.nc
ABI-L1b-RadC,2023,55,17,OR_ABI-L1b-RadC-M6C15_G18_s20230551721174_e20230551723553_c20230551724006.nc
ABI-L1b-RadC,2023,55,17,OR_ABI-L1b-RadC-M6C15_G18_s20230551726174_e20230551728553_c20230551729011.nc
ABI-L1b-RadC,2023,55,17,OR_ABI-L1b-RadC-M6C15_G18_s20230551731174_e20230551733553_c20230551734003.nc
ABI-L1b-RadC,2023,55,17,OR_ABI-L1b-RadC-M6C15_G18_s20230551736174_e20230551738553_c20230551739003.nc
ABI-L1b-RadC,2023,55,17,OR_ABI-L1b-RadC-M6C15_G18_s20230551741174_e20230551743553_c20230551744012.nc
ABI-L1b-RadC,2023,55,17,OR_ABI-L1b-RadC-M6C15_G18_s20230551746174_e20230551748553_c20230551749006.nc
ABI-L1b-RadC,2023,55,17,OR_ABI-L1b-RadC-M6C15_G18_s20230551751174_e20230551753553_c20230551754010.nc
ABI-L1b-RadC,2023,55,17,OR_ABI-L1b-RadC-M6C15_G18_s20230551756174_e20230551758553_c20230551759005.nc
ABI-L1b-RadC,2023,55,17,OR_ABI-L1b-RadC-M6C16_G18_s20230551701174_e20230551703558_c20230551703598.nc
ABI-L1b-RadC,2023,55,17,OR_ABI-L1b-RadC-M6C16_G18_s20230551706174_e20230551708558_c20230551708590.nc
ABI-L1b-RadC,2023,55,17,OR_ABI-L1b-RadC-M6C16_G18_s20230551711174_e20230551713558_c20230551713588.nc
ABI-L1b-RadC,2023,55,17,OR_ABI-L1b-RadC-M6C16_G18_s20230551716174_e20230551718558_c20230551719000.nc
ABI-L1b-RadC,2023,55,17,OR_ABI-L1b-RadC-M6C16_G18_s20230551721174_e20230551723558_c20230551723594.nc
ABI-L1b-RadC,2023,55,17,OR_ABI-L1b-RadC-M6C16_G18_s20230551726174_e20230551728559_c20230551728587.nc
ABI-L1b-RadC,2023,55,17,OR_ABI-L1b-RadC-M6C16_G18_s20230551731174_e20230551733558_c20230551733595.nc
ABI-L1b-RadC,2023,55,17,OR_ABI-L1b-RadC-M6C16_G18_s20230551736174_e20230551738559_c20230551738593.nc
ABI-L1b-RadC,2023,55,17,OR_ABI-L1b-RadC-M6C16_G18_s20230551741174_e20230551743558_c20230551744003.nc
ABI-L1b-RadC,2023,55,17,OR_ABI-L1b-RadC-M6C16_G18_s20230551746174_e20230551748558_c20230551748599.nc
ABI-L1b-RadC,2023,55,17,OR_ABI-L1b-RadC-M6C16_G18_s20230551751174_e20230551753559_c20230551753595.nc
ABI-L1b-RadC,2023,55,17,OR_ABI-L1b-RadC-M6C16_G18_s20230551756174_e20230551758559_c20230551759001.nc
